smiles,logCMC
CCCCCCCCCCC(C)OCCOCCOCCOCCOCCOCCOCCOCCO,2.048300483
CCCCCCCCCCCC[N+](C)(C)[O-],3.058560586
OCCOCCOCCOCCSCCC(F)(F)C(F)(F)C(F)(F)C(F)(F)C(F)(F)C(F)(F)F,3.447158031
CCCCCCCC(=O)NC1OC(CO)C(O)C(O)C1O,4.84509804
CCCCCCCCCCCCOc1ccc(NC(=O)C[N+](C)(C)CC[N+](C)(C)CC(=O)Nc2ccc(OCCCCCCCCCCCC)cc2)cc1,1.56937391
CCCCCCCCCCCCn1cc[n+](CCC[n+]2ccn(CCCCCCCCCCCC)c2)c1,2.724
CCCCCCCCCCCCCCCCN(C)C(=O)C(O)C(O)C(OC1OC(CO)C(O)C(O)C1O)C(O)CO,0.968482949
Cn1cc[n+](COCCCCOC[n+]2ccn(C)c2)c1,3.78
CCCCCCCCCCCCCCCCC(=O)OCC[n+]1ccc(CCCc2cc[n+](CCOC(=O)CCCCCCCCCCCCCCCC)cc2)cc1,1.74
CCCCCCCCCCCC[NH+]CCO,4.556302501
CCCCCCCCCCCn1cc[n+](COCCCCOC[n+]2ccn(CCCCCCCCCCC)c2)c1,2.87
CCCCCCCCCCCCOCCOS(=O)(=O)[O-],3.591064607
CCCCCCCCOc1ccc(NC(=O)C[N+](C)(C)CCCC[N+](C)(C)CC(=O)Nc2ccc(OCCCCCCCC)cc2)cc1,2.318063335
CCCCCCCCOCCOCCOCCOCCOCCO,3.963787827
CCCCCCCCCC(=O)CC(=O)NC1CCOC1=O,1.986771734
CCCCCCCCCCCC[N+]1(CCCCCCCCCCCCCCCC[N+]2(CCCCCCCCCCCC)CCCC2)CCCC1,1.505
CCCCCCCCCCCCCCCCC(=O)OCC[n+]1ccc(CCCc2cc[n+](CCOC(=O)CCCCCCCCCCCCCCCC)cc2)cc1,1.556
CCCCCCCCn1cc[n+](COCCCOC[n+]2ccn(CCCCCCCC)c2)c1,3.25
CCCCCCCCCCCCOC(=O)C[n+]1ccc(CCCc2cc[n+](CC(=O)OCCCCCCCCCCCC)cc2)cc1,1.556
CCCCCCCCCCCCOCCOCCOCCOCCOCCOCCOCCO,1.913813852
CCCCCC[N+](C)(C)CCOCC[N+](C)(C)CCCCCC,4.909
CCCCCCOCCOCCOCCO,5
CCCCCCCCCCCC(=O)OCC(C)[N+](C)(C)CC(O)CN(CCCCCC)CC(O)C[N+](C)(C)C(C)COC(=O)CCCCCCCCCCC,1.772
CCCCCCCCOCCO,3.69019608
CCCCCCCCCCCCCOCCOCCOCCOCCOCCO,1.69019608
CCCCCCCCCCn1cc[n+](COCCCCCOC[n+]2ccn(CCCCCCCCCC)c2)c1,2.93
CCCCCCCCOCC(O)C(O)C(O)CO,3.826074803
CCn1cc[n+](COCCCCOC[n+]2ccn(CC)c2)c1,3.7
CCCCCCCCCCCCOCCOS(=O)(=O)[O-],3.594815948
CCCCSCC(O)C(O)C(O)CO,5.255272505
CCCCCCCCCCCCOC1OC(CO)C(OC2OC(CO)C(O)C(O)C2O)C(O)C1O,2.230448921
CCCCCCCCCCN(C)C(=O)[C@H](O)[C@@H](O)[C@H](O)[C@H](O)CO,3.154561546
CCCCCCOCCOCCOCCOCCO,4.954242509
CCCCCCCCCCCC(=O)N(CCO)CCO,2.421603927
CCCCCCCCCCCCCCCC[n+]1ccccc1,2.954242509
Cn1cc[n+](COCCCOC[n+]2ccn(C)c2)c1,3.82
CCCCCCCCCCO[C@@H]1O[C@H](CO)[C@@H](O)[C@H](O)[C@H]1O,3.330813308
CCCCCCCCCCCCCCCCOCCOCCOCCOCCOCCOCCOCCOCCOCCOCCOCCOCCO,0.361727836
CCCCCCCCCCOCCOCCOCCOCCO,2.832508913
CCCCn1cc[n+](COCCCCOC[n+]2ccn(CCCC)c2)c1,3.55
CCCCCCCCCCCn1cc[n+](COCCCCCCOC[n+]2ccn(CCCCCCCCCCC)c2)c1,2.8
CCCCCCCCCCNC(=O)C(O)C(O)C(OC1OC(CO)C(O)C(O)C1O)C(O)CO,3.113943352
CCCCCCCCCCCCOc1ccc[n+](CCC[n+]2cccc(OCCCCCCCCCCCC)c2)c1,2.279
CCCn1cc[n+](COCCCOC[n+]2ccn(CCC)c2)c1,3.68
CCCCCCCCCCOCCOCCOCCO,2.77815125
CCCCCCCCCCCCCC(=O)N(C)CC(O)C(O)C(OC1OC(CO)C(O)C(O)C1O)C(O)CO,1.832508913
CCCCCCCCCCn1cc[n+](COCCOC[n+]2ccn(CCCCCCCCCC)c2)c1,3.08
CC(C)(C)OCCOCCOCCOCCOCCOCCO,5.959041392
CCCCCCCCCCCCC(=O)N[N+](C)(C)CCC[N+](C)(C)NC(=O)CCCCCCCCCCCC,3.149
CCCCCCCCCCC(O)Cn1cc[n+](CCCC[n+]2ccn(CC(O)CCCCCCCCCC)c2)c1,3.146
CCCn1cc[n+](COCCCCCOC[n+]2ccn(CCC)c2)c1,3.59
CCCCCCCCCCCCCC[N+](C)(C)CCCS(=O)(=O)[O-],2.505149978
CCCCCCCCCCCn1cc[n+](COCCOC[n+]2ccn(CCCCCCCCCCC)c2)c1,2.96
CCCCCCCCCCCCCCCCCC[n+]1ccccc1,2.380211242
CCCCCCCCCCCC[N+](C)(C)CCCCCCC[N+](C)(C)CCCCCCCCCCCC,2.954
CCCCCCCCOS(=O)(=O)[O-],5.124667218
CCCCn1cc[n+](COCCCCCOC[n+]2ccn(CCCC)c2)c1,3.51
CCCCCCCC[N+]1(CC#CC[N+]2(CCCCCCCC)CCCCC2)CCCCC1,4.679
CCCCCCCCCCCCNC(=O)C(O)C(O)C(OC1OC(CO)C(O)C(O)C1O)C(O)CO,2.491361694
CCCCCCCCCCn1cc[n+](COCCCOC[n+]2ccn(CCCCCCCCCC)c2)c1,3.05
CCCCCCCCCCCC[N+](C)(C)CCCCCCCC,3.041392685
CCCC(C)CCCOCCOCCOCCOCCOCCOCCO,4.361727836
CCCCCCCCCCCCOS(=O)(=O)[O-],3.949390007
CCCCOC(=O)CC(C(=O)OCCCC)S(=O)(=O)[O-],5.301029996
CCCCCCCC(=O)NC1C(O)OC(CO)C(O)C1O,4.653212514
Cn1cc[n+](COCCOC[n+]2ccn(C)c2)c1,3.85
CCCCCCCCOC(=O)CS(=O)(=O)[O-],4.819543936
CCCCCCCCCCCC(=O)OCC1OC(OCC2OC(OC3(CO)OC(CO)C(O)C3O)C(O)C(O)C2O)C(O)C(O)C1O,2.977723605
CCCCCCCCn1cc[n+](COCCCCCOC[n+]2ccn(CCCCCCCC)c2)c1,3.17
CCCCCCn1cc[n+](COCCCOC[n+]2ccn(CCCCCC)c2)c1,3.39
CCCCCCCCCCCCOCCOCCOCCOCCOCCOCCO,1.939519253
CCCCCCCCCCCC[n+]1ccccc1,4.558275583
CCCCCCCCCCC(C)OCCOCCO,1.529745297
CCCCCCCCCCC(C(=O)[O-])[n+]1ccccc1,3.716003344
CCCCCC(C)(C)c1ccc(OCCOCCOCCOCCOCCO)cc1,2.174901749
CCCCCCCCCCCC(=O)OCCC[N+](C)(C)CC(O)CN(CCCCCCCC)CC(O)C[N+](C)(C)CCCOC(=O)CCCCCCCCCCC,1.61
CCCCCCCCCCCC[N+](C)(C)CCCCCCCC(=O)[O-],3.176091259
CCCCCCCCCCCCOCC(O)Cn1cc[n+](CCC[n+]2ccn(CC(O)COCCCCCCCCCCCC)c2)c1,1.301
CCCCCCCCCCCC[N+](C)(C)CCOCC[N+](C)(C)CCCCCCCCCCCC,3.02
CCCCCCCCCCCCCC[N+](CCC)(CCC)CCC,3.67896679
CC(C)(C)CC(C)(C)c1ccc(OCCOCCO)cc1,2.113943352
CCCCCCCCCCCCCCCC[n+]1ccccc1,2.806179974
CCCCCCCCCCCC[N+](C)(C)CCCCCC[N+](C)(C)CCCCCC,4.21
CCCCCC(C)(C)c1ccc(OCCOCCOCCOCCOCCOCCOCCOCCOCCOCCO)cc1,2.551555516
CCCCCCCCCCCCCCCCOc1ccc(NC(=O)C[N+](C)(C)CC[N+](C)(C)CC(=O)Nc2ccc(OCCCCCCCCCCCCCCCC)cc2)cc1,1.146128036
CCCCCCCCCn1cc[n+](COCCCOC[n+]2ccn(CCCCCCCCC)c2)c1,3.16
CCCCCCCC(=O)OCC(O)C(O)C(O)CO,4.255272505
CCCCCCCCNC(=O)C(O)C(O)C(OC1OC(CO)C(O)C(O)C1O)C(O)CO,3.755874856
C[N+](C)([O-])CCC(F)(F)C(F)(F)C(F)(F)C(F)(F)C(F)(F)C(F)(F)C(F)(F)F,2.672097858
CCCCCCOCCOCCOCCOCCOCCO,4.966141733
CCCCCCCCOCCOCCOCCOCCOCCOCCO,3.995635195
CCCCCCCCCCCC(=O)OCCC[N+](C)(C)CC(O)CN(CCCCCC)CC(O)C[N+](C)(C)CCCOC(=O)CCCCCCCCCCC,1.65
CCn1cc[n+](COCCCCCCOC[n+]2ccn(CC)c2)c1,3.63
CCCCCCCCCCCCCCCC(=O)NC(CC(C)C)C(=O)[O-],3.176091259
CCCCCCCCCCCC[N+](C)(C)Cc1ccccc1,3.944482672
CCCCC(CC)COC(=O)CC(C(=O)OCC(CC)CCCC)S(=O)(=O)[O-],3.397940009
CCCCCCCCCCOCCOCCOCCOCCOCCOCCOCCOCCO,3
CCCCCCCCCCC(C(=O)O)[n+]1ccccc1,3.690816908
CCCCCCCCCCOC1OC(CO)C(OC2OC(CO)C(O)C(O)C2O)C(O)C1O,3.301029996
CCCCCCCCSCC(O)C(O)C(O)CO,3.079181246
CCCCCC(C)(C)c1ccc(OCCOCCOCCOCCOCCOCCOCCO)cc1,2.390453905
CCCCCCCCCCCCO[C@@H]1O[C@H](CO)[C@@H](O)[C@H](O)[C@H]1O,2.261152612
CCCCCCCCCCOCCS(=O)(=O)[O-],4.201397124
CCCCCn1cc[n+](COCCCCCOC[n+]2ccn(CCCCC)c2)c1,3.42
Cn1cc[n+](COCCCCCCOC[n+]2ccn(C)c2)c1,3.71
CCCCCn1cc[n+](COCCCOC[n+]2ccn(CCCCC)c2)c1,3.48
CCCCn1cc[n+](COCCOC[n+]2ccn(CCCC)c2)c1,3.59
CCCCCCCCCCCC[N+](C)(C)CCCS(=O)(=O)[O-],3.477121255
CCCCCCCCCCCC[N+](C)(C)CCCCCC(=O)[O-],3.414973348
CCCCCCCCOC1OC(CO)C(O)C(O)C1N,4.361727836
CCCCCCCCCCCCCCCC[N+](C)(C)C,1.82704827
CCCCCCCCCCCCS(=O)(=O)[O-],3.968482949
CCCCCCCn1cc[n+](COCCCOC[n+]2ccn(CCCCCCC)c2)c1,3.32
CCCCCCCCCCCCCC[N+](CCC)(CCC)CCC,3.322219295
CCCCCCCCCCCCC(O)CCO,1.113943352
CCCCCCCCCCCCN(C)C(=O)C(O)C(O)C(O)C(O)CO,2.146128036
CCCCCCCCCCCC(=O)OCC1OC(OC2C(CO)OC(O)C(O)C2O)C(O)C(O)C1O,2.51851394
CCCCCCCCCCCCCCN(C)C(=O)[C@H](O)[C@@H](O)[C@H](OC1OC(O)C(O)C(O)C1O)[C@H](O)CO,1.672546725
CCCCCCCCCC[N+](C)(C)C,4.832508913
CCCCCCCCCCCC[N+](C)(C)C(=O)NCCNC(=O)[N+](C)(C)CCCCCCCCCCCC,2.973
CCCCCCCCC=CCCCCCCCCN(C)C(=O)C(O)C(O)C(O)C(O)CO,1.505149978
CCCCCCCCCCCC[N+](C)(C)CCCC,3.875061263
CCCCCCCCCCn1cc[n+](CCCC[n+]2ccn(CCCCCCCCCC)c2)c1,3.705
CCCCCCn1cc[n+](COCCCCCCOC[n+]2ccn(CCCCCC)c2)c1,3.29
CCCCCCCCC=CCCCCCCCCN(C)C(=O)C(O)C(O)C(OC1OC(CO)C(O)C(O)C1O)C(O)CO,1.73239376
CCn1cc[n+](COCCCCCOC[n+]2ccn(CC)c2)c1,3.67
CCCCCCC(CCC)OC1OC(CO)C(O)C(O)C1O,4.079181246
CCCCCCCCCCCCCCCCOCCOCCOCCOCCOCCOCCO,0.220108088
CC(C)(C)CC(C)(C)c1ccc(OCCOCCOCCO)cc1,1.986771734
CCCCCCCCCCCC[N+](C)(C)CCCCCC,3.491361694
CCCCCCCC[N+](C)(C)C,5.146128036
CCCCCC(C)(C)c1ccc(OCCO)cc1,2.349803498
CCC(C)CCOCCOCCOCCOCCOCCOCCO,5
O=C([O-])C(F)(F)C(F)(F)C(F)(F)C(F)(F)C(F)(F)C(F)(F)C(F)(F)F,4.477121255
CCCCCCCCC(C)OC1OC(CO)C(O)C(O)C1O,3.653212514
CCCCCCCCCCCCCC(=O)[O-],3.838849091
CCCCCCCCCCCC[N+](C)(C)C(=O)NCCCCCCCCCCCCNC(=O)[N+](C)(C)CCCCCCCCCCCC,2.342
CCCCCCCCCCCC[N+](C)(C)CC(O)CN(CCCCC)CC(O)C[N+](C)(C)CCCCCCCCCCCC,2.594
CCCCCCCCCCCCCCCCCC[N+]1(CC#CC[N+]2(CCCCCCCCCCCCCCCCCC)CCCC2)CCCC1,1.021
CCCCCCCCCCC(C)OCCOCCOCCOCCOCCO,1.82104821
CCCCCCCCCCCCCCC(CSCCCSCC(CCCCCCCCCCCCCC)[n+]1ccn(C)c1)[n+]1ccn(C)c1,1.322
CCCCCCCCCCCCCCCCOCCOCCOS(=O)(=O)[O-],2.087750878
CCCCCCCCCCCC[N+](C)(C)C,4.204119983
CCCCCCCCCCCCCC[N+](CC)(CC)CC,3.491361694
CCCCCCCCCCCCn1cc[n+](CC(O)C[n+]2ccn(CCCCCCCCCCCC)c2)c1,2.892
CCCCCCCCCn1cc[n+](COCCOC[n+]2ccn(CCCCCCCCC)c2)c1,3.19
CCCCCCCCS(=O)(=O)[O-],5.190331698
CCCCCCCCCCCOS(=O)(=O)[O-],4.204119983
CC(C)CCCC(C)CCOC1OC(CO)C(OC2OC(CO)C(O)C(O)C2O)C(O)C1O,3.72427587
CCCCn1cc[n+](COCCCCCCOC[n+]2ccn(CCCC)c2)c1,3.46
CCCCC(OC(=O)C(CC(=O)[O-])S(=O)(=O)O)C(CC)CC,3.397940009
CCCCCC(C)(C)c1ccc(OCCOCCOCCOCCOCCOCCO)cc1,2.304053041
CCCCCn1cc[n+](COCCCCCCOC[n+]2ccn(CCCCC)c2)c1,3.38
CCCCCC(C)(C)c1ccc(OCCOCCO)cc1,2.071550716
CCCCCCCCCCCCCCCCN(C)C(=O)[C@H](O)[C@@H](O)[C@H](OC1OC(O)C(O)C(O)C1O)[C@H](O)CO,1.183091831
CCCCCCCCCCn1cc[n+](CCC[n+]2ccn(CCCCCCCCCC)c2)c1,3.528
O=C([O-])C(F)(F)C(F)(F)C(F)(F)C(F)(F)C(F)(F)C(F)(F)C(F)(F)F,4.51851394
CCCCCC(C)(C)c1ccc(OCCOCCOCCOCCO)cc1,2.100801008
CCCCCCCCCC[N+](C)(C)CC(O)C(O)C[N+](C)(C)CCCCCCCCCC,3.568
CCCCCCCCCC[N+](C)(C)CCCCCC[N+](C)(C)CCCCCCCCCC,3.778
CCCCCCCCCCC(=O)N[N+](C)(C)CCC[N+](C)(C)NC(=O)CCCCCCCCCC,3.369
CCCCCCCCCCCCCCCC[N+](C)(C)C,2.991226076
CC(C)(C)CC(C)(C)c1ccc(OCCOCCOCCOCCO)cc1,2.113943352
CCCCCCCCCCCOCCOCCOCCOCCOCCOCCOCCOCCO,2.477121255
CCCCCCCCCCOc1ccc(NC(=O)C[N+](C)(C)CC[N+](C)(C)CC(=O)Nc2ccc(OCCCCCCCCCC)cc2)cc1,1.609594409
O=C([O-])C(F)(F)C(F)(F)C(F)(F)C(F)(F)C(F)(F)C(F)(F)C(F)(F)C(F)(F)F,3.69019608
CCCCCCCCCCOc1ccc(NC(=O)C[N+](C)(C)CCCC[N+](C)(C)CC(=O)Nc2ccc(OCCCCCCCCCC)cc2)cc1,1.315970345
CCCCCCCCCCCCCCN(C)C(=O)[C@H](O)[C@@H](O)[C@H](O)[C@H](O)CO,1.392643926
CCCCCCCCCC(=O)N(C)CC(O)C(O)C(OC1OC(CO)C(O)C(O)C1O)C(O)CO,3.51851394
CCCCCCCCCCCCC(C(=O)OCC)S(=O)(=O)[O-],3.352182518
CCCn1cc[n+](COCCCCOC[n+]2ccn(CCC)c2)c1,3.61
CCCCCCCCOc1ccc(NC(=O)C[N+](C)(C)CCCCCC[N+](C)(C)CC(=O)Nc2ccc(OCCCCCCCC)cc2)cc1,2.037426498
CCCCCCCCCCCCCCOc1ccc[n+](CC(O)C[n+]2cccc(OCCCCCCCCCCCCCC)c2)c1,1.431
CCCCCCCCCCCCCCOc1ccc[n+](CC[n+]2cccc(OCCCCCCCCCCCCCC)c2)c1,1.531
CCCCCCCCCCCC(=O)OCCC[N+](C)(C)CC(O)CN(CCCCC)CC(O)C[N+](C)(C)CCCOC(=O)CCCCCCCCCCC,1.688
CCCCCCCCCCCCCCCC[N+](CCC)(CCC)CCC,3.113611136
CCCCCCCCCCCCOCCOCCOS(=O)(=O)[O-],3.457714577
CCCCCCCCCCCCOS(=O)(=O)[O-],3.913813852
CCCCCCCCCCCCCC[n+]1ccccc1,3.431363764
CCCCCCCCCCCCC(C(=O)[O-])[n+]1ccccc1,2.77815125
CCCCCCCCCCCCCCCC1COCCC1OS(=O)(=O)[O-],2.545405454
CCCCCCCCCCCC[N+](C)(C)C,3.228362284
CCCCCCCCCOC1OC(CO)C(O)C(O)C1O,3.838849091
CCCCCCCCOCCOCCOCCOCCOCCOCCOCCOCCO,4.113943352
CCCCCCCCCc1ccc(S(=O)(=O)[O-])cc1,3.662757832
Cn1cc[n+](COCCCCCOC[n+]2ccn(C)c2)c1,3.75
CCn1cc[n+](COCCOC[n+]2ccn(CC)c2)c1,3.77
CCCCCCCCCCCCCC[N+](C)(C)C,3.556302501
CCCCCCCCCCCCn1cc[n+](COCCCOC[n+]2ccn(CCCCCCCCCCCC)c2)c1,2.82
CCCCCCCCC=CCCCCCCCCOC1OC(CO)C(OC2OC(CO)C(OC3OC(CO)C(O)C(O)C3O)C(O)C2O)C(O)C1O,1.62324929
CCCCCCCCCCCCn1cc[n+](CCCC[n+]2ccn(CCCCCCCCCCCC)c2)c1,2.863
CCCCCCCCCCCC[n+]1ccccc1,4.230448921
CCCCCCCCCCCC[N+](C)(C)CCCCCC[N+](C)(C)CCCCCCCCCCCC,3.037
CCCCCCCCC=CCCCCCCCC(=O)OC1(OC2(CO)OC(CO)C(O)C2O)OC(CO)C(O)C(O)C1O,0.707570176
CCCCCCCC[N+]1(CC#CC[N+]2(CCCCCCCC)CCCC2)CCCC1,4.55
CCCCCC(CCCC)OC1OC(CO)C(O)C(O)C1O,4.176091259
CCCCCCCC/C=C\CCCCCCCCN(C)C(=O)[C@H](O)[C@@H](O)[C@H](O)[C@H](O)CO,1.458644586
CC(C)CCCC(C)CCOC1OC(CO)C(O)C(O)C1O,3.602059991
CCCCCCCCCCCCCCCCCCOCCOCCOS(=O)(=O)[O-],1.960549605
O=S(=O)([O-])C(F)(F)C(F)(F)C(F)(F)C(F)(F)C(F)(F)C(F)(F)C(F)(F)C(F)(F)F,3.799340549
CCCCCCCCCCS(=O)(=O)[O-],4.633468456
CCCCCCCCCCCCOCCOCCO,1.51851394
CC(C)(C)CC(C)(C)c1ccc(OCCOCCOCCOCCOCCOCCOCCOCCOCCOCCO)cc1,2.51851394
CCCCCCCCCCCCCCCCOCCOCCOCCOCCOCCOCCOCCOCCOCCOCCOCCOCCOCCOCCOCCOCCOCCOCCOCCOCCOCCO,0.591064607
CCCCCCCCCCCCCCCCOCCOCCOCCOCCOCCOS(=O)(=O)[O-],1.397940009
CCCCCCCCCCCC[N+](C)(C)CC,4.146128036
CCCCCCn1cc[n+](COCCCCOC[n+]2ccn(CCCCCC)c2)c1,3.36
CCCCCCCCCCc1cccc[n+]1CCCC[n+]1ccccc1CCCCCCCCCC,3.384
CCCCCCCCCOS(=O)(=O)[O-],4.810098041
CCCCCCCCCCCCCCCCCCN(C)C(=O)C(O)C(O)C(OC1OC(CO)C(O)C(O)C1O)C(O)CO,0.51851394
CCCCOCC(O)C(O)C(O)CO,4.763427994
CCCCCCCCCCCCCCCCOCCOS(=O)(=O)[O-],2.311103111
CCCCCCCCCCn1cc[n+](COCCCCOC[n+]2ccn(CCCCCCCCCC)c2)c1,3
CCCCCCCCCCC(O)Cn1cc[n+](CCC[n+]2ccn(CC(O)CCCCCCCCCC)c2)c1,3.137
CCCCCCCCOC(=O)CC(C(=O)OCCCCCCCC)S(=O)(=O)[O-],2.959041392
CC(C)(C)CC(C)(C)c1ccc(OCCOCCOCCOCCOCCOCCOCCO)cc1,2.397940009
CCCCCCCCCCc1cccc[n+]1CCCCCC[n+]1ccccc1CCCCCCCCCC,3.334
CCCCCCCCCCCC[NH3+],4.169282472
CCCCCCCCCCCCCCCCCCN(C)C(=O)[C@H](O)[C@@H](O)[C@H](O)[C@H](O)CO,0.465484655
O=S(=O)([O-])c1ccc(OCCCCCCOc2ccc(S(=O)(=O)[O-])cc2)cc1,3.640866409
CCCn1cc[n+](COCCCCCCOC[n+]2ccn(CCC)c2)c1,3.55
CCCCCCCCOCCOCCOCCO,3.875061263
CCCCCCCCCCCC1COCCC1OS(=O)(=O)[O-],3.765367654
CCCCCCCCCCn1cc[n+](COCCCCCCOC[n+]2ccn(CCCCCCCCCC)c2)c1,2.93
CCCCCCCCCCCC(=O)N(C)CC(O)CO,2.361727836
CCCCCCCCCCCCC(C)OS(=O)(=O)[O-],3.514547753
CCCCCCCn1cc[n+](COCCCCOC[n+]2ccn(CCCCCCC)c2)c1,3.29
CCCCCCCCOCCOCCOCCOCCOCCOCCOCCOCCOCCO,4.113943352
CCCCCCCCC(CCCCCC)COCCOCCOCCOCCOCCOS(=O)(=O)[O-],1.934498451
CCCCCCCCCCCCCCN(C)C(=O)C(O)C(O)C(O)C(O)CO,1.380211242
CCCCCCCCCCCC(=O)NCCOCCOCCOCCO,2.704107041
CCCCCCCCCCCCc1ccc(S(=O)(=O)[O-])cc1,3.201397124
CCCCC(=O)OCC(O)C(O)C(O)CO,5.079181246
CCCCCCCCCCCC(=O)NC1CCOC1=O,0.602059991
OCCOCCOCCOCCOCCOCCSCCC(F)(F)C(F)(F)C(F)(F)C(F)(F)C(F)(F)C(F)(F)F,3.568201724
CCCCCCCCCCCC(C(=O)O)[n+]1ccccc1,2.777157772
CCCCC(C)CCCCOCCOCCOCCOCCOCCOCCO,3.472756449
CCCCCCCCCCCn1cc[n+](COCCCOC[n+]2ccn(CCCCCCCCCCC)c2)c1,2.93
CCCCCCCCCCCCCCCCOCCOCCOCCOCCOCCOCCOCCOCCOCCOCCOCCOCCOCCOCCOCCO,0.491361694
CCCCCCCCCCCCCCCC[N+]1(CCCC[N+]2(CCCCCCCCCCCCCCCC)CCCC2)CCCC1,1.462
CCCCCCCC[n+]1ccccc1,5.289532895
CCCCCCCCCCC(O)CCO,2.149401494
CCCCCCCCCCCCCCCCCCN(C)C(=O)[C@H](O)[C@@H](O)[C@H](OC1OC(O)C(O)C(O)C1O)[C@H](O)CO,0.5299853
CCCCCCCCCCCCS(=O)(=O)[O-],3.949390007
CCCCCCn1cc[n+](COCCCCCOC[n+]2ccn(CCCCCC)c2)c1,3.33
CCCCCCCCCCCCCCC[n+]1ccccc1,3.113943352
CCCCCOCC(O)C(O)C(O)CO,4.579783597
CCCCCCCCCCCCC[n+]1ccccc1,3.72427587
CCCCCCCCCCCCCC[N+](C)(C)C,3.653212514
CCCCCCCCCCOCCOCCOCCOCCOCCO,2.880813592
CCCCCCCCCCCC[N+](C)(C)CC(O)CN(CC)CC(O)C[N+](C)(C)CCCCCCCCCCCC,2.872
CCCCCSCC(O)C(O)C(O)CO,4.662757832
CCCCCCCCCCOc1ccc(NC(=O)C[N+](C)(C)CCCCCC[N+](C)(C)CC(=O)Nc2ccc(OCCCCCCCCCC)cc2)cc1,1.037426498
CCCCCCCCCCCCOCCOCCOCCOCCO,1.806179974
CCCCCCCCCCCC[N+](C)(C)CCCCCCCCCCCC,2.245512668
CC(C)(C)CC(C)(C)c1ccc(OCCOCCOCCOCCOCCOCCO)cc1,2.322219295
CCCCCCCCCCCCCC[N+](C)(C)CCCCCC[N+](C)(C)CCCCCC,3.708
CCn1cc[n+](COCCCOC[n+]2ccn(CC)c2)c1,3.74
CCCCCCCCCC(=O)[O-],4.973127854
CCCCCCCCCCCCN(C)C(=O)[C@H](O)[C@@H](O)[C@H](O)[C@H](O)CO,2.281552816
CCCCCCCCn1cc[n+](COCCCCOC[n+]2ccn(CCCCCCCC)c2)c1,3.21
CCCCCCCCCCCCn1cc[n+](CC[n+]2ccn(CCCCCCCCCCCC)c2)c1,2.806
CCCCCCCCCCCCCC[n+]1ccccc1,3.836618366
CCCCCCCCCCCC[n+]1cccc2ccccc21,3.681241237
CCCCCCCCC[N+](C)(C)[O-],4.73239376
CCCCCCCCOc1ccc(NC(=O)C[N+](C)(C)CC[N+](C)(C)CC(=O)Nc2ccc(OCCCCCCCC)cc2)cc1,2.399673721
CCCCCCCCCCCCC[N+](C)(C)CCCCCC[N+](C)(C)CCCCCCCCCCC,2.991
CCCCCC(C)(C)c1ccc(OCCOCCOCCOCCOCCOCCOCCOCCO)cc1,2.456904569
CCCCCCCCCCCCCCC(CSCCSCC(CCCCCCCCCCCCCC)[n+]1ccccc1)[n+]1ccccc1,1.477
CCCCCCCCCCCCCC[N+](C)(C)CCCCCC[N+](C)(C)CCCCCCCCCC,2.978
CCCCCCCCCCCCOc1ccc(NC(=O)C[N+](C)(C)CCCCCC[N+](C)(C)CC(=O)Nc2ccc(OCCCCCCCCCCCC)cc2)cc1,1.017033339
CCCCCCCCCCCCCC[N+](C)(C)CCOCC[N+](C)(C)CCCCCCCCCCCCCC,2.303
CCCCCCCCCCCCS(=O)(=O)[O-],4.05697057
CCCCC(C)CCCCOCCOCCOCCOCCOCCOCCOCCOCCOCCO,3.505149978
CCCCCCCCCCCCS(=O)(=O)[O-],4.041392685
CC(C)(C)CC(C)(C)c1ccc(OCCOCCOCCOCCOCCOCCOCCOCCOCCO)cc1,2.477121255
CCCCCCCCCCOS(=O)(=O)[O-],4.518777069
CCCCCCCCCCCC[N+](C)(C)CC(=O)[O-],3.301029996
CCCCCCCCCCCCCCCCOc1ccc(NC(=O)C[N+](C)(C)CCCCCC[N+](C)(C)CC(=O)Nc2ccc(OCCCCCCCCCCCCCCCC)cc2)cc1,1.459392488
CCCCCCCCCCC(O)CO,2.243452435
CCCCCCCCC=CCCCCCCCC(=O)NCCOC1OC(CO)C(OC2OC(CO)C(O)C(O)C2O)C(O)C1O,1.954242509
CCCCCCC(=O)OCC(O)C(O)C(O)CO,4
CCCCCCCCC(O)CCO,3.361727836
CCCCCCCCCCCCCCCCCC[N+](C)CCOCC[N+](C)(C)CCCCCCCCCCCCCCCCCC,1.519
CCCCCCCCOCC(O)CO,3.763427994
CCCCCCSC1OC(=O)C(O)C1O,3.826074803
CCCCCCOCCOCCOCCOCCOCCOCCO,5.900913068
CCCCCCNC(=O)C(O)C(O)C(OC1OC(CO)C(O)C(O)C1O)C(O)CO,4.919078092
CCCCCCCCCCC(C)OCCOCCOCCO,1.70104701
CCCCCn1cc[n+](COCCOC[n+]2ccn(CCCCC)c2)c1,3.51
CCCCCCCCCCN(C)C(=O)C(O)C(O)C(OC1OC(CO)C(O)C(O)C1O)C(O)CO,3.361727836
CCCCCCCCCCCCn1cc[n+](CCCCCC[n+]2ccn(CCCCCCCCCCCC)c2)c1,2.869
CCCCCCCCCC(=O)OCC(O)C(O)C(O)CO,3.255272505
CCCCCCCCCCCCOc1ccc[n+](CCCC[n+]2cccc(OCCCCCCCCCCCC)c2)c1,2.38
CCCCCCCCCCC(C)OCCOCCOCCOCCOCCOCCOCCO,1.935349353
CCCCCCCCCCCCCCCCCCOCCOCCOCCOS(=O)(=O)[O-],1.649446494
CCCCCCCCCCCCOCCOCCOCCO,1.716003344
CCCCCCCCCCCC(=O)OCC(C)[N+](C)(C)CC(O)CN(CCCCCCCC)CC(O)C[N+](C)(C)C(C)COC(=O)CCCCCCCCCCC,1.733
CCCCCCCCCOC1OC(CO)C(O)C(O)C1N,3.84509804
CCCCCCCCCCCC[N+](C)(C)CCCNCCC[N+](C)(C)CCCCCCCCCCCC,3.068
CCCCCCCCO[C@@H]1O[C@H](CO)[C@@H](O)[C@H](O)[C@H]1O,4.398073981
CCCCCCCCCCCCCCOS(=O)(=O)[O-],3.322219295
CCCCCCCCCCCC[N+](C)(C)CC(O)CN(CCCC)CC(O)C[N+](C)(C)CCCCCCCCCCCC,2.749
CCCCCCCCCCCCC(CSCCSCC(CCCCCCCCCCCC)[n+]1ccn(C)c1)[n+]1ccn(C)c1,2
CCCCCCCCCCCC[n+]1ccccc1,3.72427587
CCCCCCCCCCCCCCOc1ccc(NC(=O)C[N+](C)(C)CCCCCC[N+](C)(C)CC(=O)Nc2ccc(OCCCCCCCCCCCCCC)cc2)cc1,1.439332694
CCCCCCCCCCCCCCCCn1cc[n+](CC(O)C[n+]2ccn(CCCCCCCCCCCCCCCC)c2)c1,1.613
CCCCCCCCCCCC[N+](C)(C)CCCC[N+](C)(C)CCCCCCCCCCCC,3.068
CCCCCCCCCCCCCCCCCCOCCOS(=O)(=O)[O-],2.276302763
CCCCCCCOCC(O)C(O)C(O)CO,3.963787827
CCCCn1cc[n+](COCCCOC[n+]2ccn(CCCC)c2)c1,3.56
CCCCCCCCOC1OC(CO)C(O)C(O)C1O,4.397940009
CCCCCCCCCCOC(=O)CS(=O)(=O)[O-],4.342422681
CCCCCCCCCC[N+](C)(C)CC(=O)[O-],4.255272505
CCCCCCCCCCCCCCC(CSCCSCC(CCCCCCCCCCCCCC)[n+]1ccn(C)c1)[n+]1ccn(C)c1,1.342
CCCCCCOC(=O)CC(C(=O)OCCCCCC)S(=O)(=O)[O-],3.146128036
CCCCCCCCCCCCOCCOCCOS(=O)(=O)[O-],3.462397998
CCCCCCCCCOCC(O)C(O)C(O)CO,3.322219295
CCCCCCCCCCCCCCCC(=O)NC1CCOC1=O,-0.795880017
CCCCCCCCCCCC[n+]1cccc(NC(=O)Nc2ccc[n+](CCCCCCCCCCCC)c2)c1,2.223
CCCCCCCCCCCCCC[N+](C)(C)C,4.004470045
CCCCCC(C)(C)c1ccc(OCCOCCOCCOCCOCCOCCOCCOCCOCCO)cc1,2.528905289
CCCCCCCCCCCCCCOCCOCCOCCOCCOCCOCCOCCOCCO,0.954242509
CCCCCCCCCCCC(=O)OCC(C)[N+](C)(C)CC(O)CN(CCCCC)CC(O)C[N+](C)(C)C(C)COC(=O)CCCCCCCCCCC,1.798
CCCCCCCCCCCCS(=O)(=O)[O-],4.093421685
CCCCCCCCCCC[N+](C)(C)CC(=O)[O-],3.857918579
CCCCCCCCCCCCCC[N+](C)(C)CC(=O)[O-],2.342422681
CCCCCCCCCn1cc[n+](COCCCCOC[n+]2ccn(CCCCCCCCC)c2)c1,3.12
CCCCCCCCCCCCOCCOCCOCCOCCOCCOCCOCCOCCOCCOCCO,2.147301473
CCCCCCn1cc[n+](COCCOC[n+]2ccn(CCCCCC)c2)c1,3.42
CCCCCCCCCCC(CSCCSCC(CCCCCCCCCC)[n+]1ccccc1)[n+]1ccccc1,2.633
CCCCCCCCCCCCCC1COCCC1OS(=O)(=O)[O-],3.177661777
CCCCCCCCCCCCCCCCOc1ccc(NC(=O)C[N+](C)(C)CCCC[N+](C)(C)CC(=O)Nc2ccc(OCCCCCCCCCCCCCCCC)cc2)cc1,0.954242509
CCCCCCCCCC[N+](C)(C)Cc1ccccc1,4.591064607
CCCCCCCCCC[n+]1ccccc1,4.643452676
CCCCCCCCCCCCCC[N+](C)(C)Cc1ccccc1,3.301029996
CCCn1cc[n+](COCCOC[n+]2ccn(CCC)c2)c1,3.62
CCCCCCCCCCCCCCN(C)C(=O)C(O)C(O)C(OC1OC(CO)C(O)C(O)C1O)C(O)CO,1.556302501
CCCCCCCn1cc[n+](COCCOC[n+]2ccn(CCCCCCC)c2)c1,3.35
CC(C)CCCC(C)CCOC1OC(CO)C(OC2OC(CO)C(OC3OC(CO)C(O)C(O)C3O)C(O)C2O)C(O)C1O,3.698970004
CCCCCCCCCCCC[N+](C)(C)CC(O)C(O)C[N+](C)(C)CCCCCCCCCCCC,2.845
CCCCCCCCCCCCc1cccc(S(=O)(=O)[O-])c1,3.164352856
CCCCCCCCCCOCCOCCOCCOCCOCCOCCOCCOCCOCCO,3.113943352
CCCCCCCCCCCCCCCC(=O)OCC(COC(=O)CCCCCCCCCCCCCCC)(C[n+]1ccn(C)c1)C[n+]1ccn(C)c1,1.623
CCCCCCCCCCCCCCOCCOCCOCCOCCOCCOCCO,1
CCCCCCCCCCCCCCC(C(=O)OC)S(=O)(=O)[O-],2.86332286
CCCCCCCCCC(=O)N(C)CC(O)C(O)C(O)C(O)CO,3.826074803
CCCCCCCCC=CCCCCCCCCOC1OC(CO)C(OC2OC(CO)C(O)C(O)C2O)C(O)C1O,1.301029996
CCCCCCCCCCOCCS(=O)(=O)[O-],4.205622056
CCCCCCCCCC[N+](C)(C)CCOCC[N+](C)(C)CCCCCCCCCC,3.819
CCCCCCCCCCCCCCOCC(O)Cn1cc[n+](CCC[n+]2ccn(CC(O)COCCCCCCCCCCCCCC)c2)c1,1.851
CCCCCCCCCCOC1OC(CO)C(O)C(O)C1O,3.301029996
CCCCCCCCCCC(C)OCCOCCOCCOCCO,1.79599796
CCCCCCCCCCSC1OC(=O)C(O)C1O,1.51851394
CCCCCCCC[N+](C)(C)CCOCC[N+](C)(C)CCCCCCCC,4.324
CCCCCCCCCC1COCCC1OS(=O)(=O)[O-],4.471124711
CCCCCCCCCCCC[N+](C)(C)CC(O)CN(CCC)CC(O)C[N+](C)(C)CCCCCCCCCCCC,2.795
CCCCCCCCCCCC[N+](C)(CC(=O)O)Cc1ccccc1,2.75600756
O=C([O-])C(F)(F)C(F)(F)C(F)(F)C(F)(F)C(F)(C(F)(F)F)C(F)(F)F,4.477121255
CCCCCCCCSC1OC(=O)C(O)C1O,2.681241237
CCCCCCCCCCCCCCC(CSCCCCSCC(CCCCCCCCCCCCCC)[n+]1ccn(C)c1)[n+]1ccn(C)c1,1.301
CCCC[N+](C)(C)CCOCC[N+](C)(C)CCCC,5.2
CCCCCCCCCCC(CCC)OS(=O)(=O)[O-],3.709269961
CCCCCCCCCCCC(=O)OCC1OC(OCC2OC(OCC3OC(OC4(CO)OC(CO)C(O)C4O)C(O)C(O)C3O)C(O)C(O)C2O)C(O)C(O)C1O,3.361727836
CCCCCCCCC(C)OS(=O)(=O)[O-],4.665580991
CCCCCCCCCCCn1cc[n+](COCCCCCOC[n+]2ccn(CCCCCCCCCCC)c2)c1,2.84
CCCCCCCCCCOc1ccc[n+](CC(O)C[n+]2cccc(OCCCCCCCCCC)c2)c1,3
CCCCCCCCCCCC(=O)OCC1OC(OC2(CO)OC(CO)C(O)C2O)C(O)C(O)C1O,2.662757832
CCCCCCCCCCCCC(CSCCCCSCC(CCCCCCCCCCCC)[n+]1ccn(C)c1)[n+]1ccn(C)c1,1.851
CCCCCCCCCCCC[N+](C)(C)CCCC(=O)[O-],3.662757832
CCCCCCCC(=O)N(C)CC(O)C(O)C(O)C(O)CO,4.838849091
CCCCCCCCCCCC[N+]CCO,4.397940009
CCCCCCCCCCOCCOCCOCCOCCOCCOCCO,2.954242509
CCCCCOC(=O)CC(C(=O)OCCCCC)S(=O)(=O)[O-],4.72427587
OCCOCCOCCSCCC(F)(F)C(F)(F)C(F)(F)C(F)(F)C(F)(F)C(F)(F)F,3.397940009
CCCCCCCCCCCCCCCC[N+](C)(C)CC(=O)[O-],1.301029996
CCCCCCCCCCCCOC1OC(CO)C(O)C(O)C1O,2.278753601
CCCCCCCCCCCC[n+]1ccccc1,4.056904851
CCCCCCCC(CCCCCC)SCCC(=O)OCC1(O)C(O)C(O)C(O)C1O,0.799340549
CCCCCCCCCCCC(=O)[O-],4.387389826
CCCCCCCCCCCCCCCC[N+](C)(C)CCOCC[N+](C)(C)CCCCCCCCCCCCCCCC,1.505
CCCCCC(=O)OCC(O)C(O)C(O)CO,4.763427994
CCCCCCCCCCCCCCOc1ccc(NC(=O)C[N+](C)(C)CCCC[N+](C)(C)CC(=O)Nc2ccc(OCCCCCCCCCCCCCC)cc2)cc1,1.071882007
CCCCCCCCCCn1cc[n+](CC(O)C[n+]2ccn(CCCCCCCCCC)c2)c1,3.403
CCCCCCCCCCCCCCCC(=O)NC(C(=O)[O-])C(C)C,3.278753601
CCCCCCCCn1cc[n+](COCCOC[n+]2ccn(CCCCCCCC)c2)c1,3.28
CCCCCn1cc[n+](COCCCCOC[n+]2ccn(CCCCC)c2)c1,3.47
CCCCCCCCC(=O)N(C)CC(O)C(O)C(O)C(O)CO,4.322219295
CCCCCCCCCCCCC(C(=O)O)S(=O)(=O)O,3.716003344
CCCCCCCCCCCC(=O)N(C)CC(O)C(O)C(O)CO,2.556302501
CC(C)(C)CC(C)(C)c1ccc(OCCOCCOCCOCCOCCO)cc1,2.176091259
CCCCCCCCCCCCCCCCOCCOCCOCCOS(=O)(=O)[O-],1.862898629
CCCCCCCn1cc[n+](COCCCCCOC[n+]2ccn(CCCCCCC)c2)c1,3.25
CCCCCCCCCCC[n+]1ccccc1,4.322219295
CCCCCCCCOC1O[C@H](CO)[C@@H](O)[C@H](O)[C@H]1O,4.404824048
CCCCCCSCC(O)C(O)C(O)CO,4.079181246
CCCCCCCCCC[N+](C)(C)CCCCCCCCCC,3.267171728
OCCOCCOCCOCCOCCOCCOCCOCCSCCC(F)(F)C(F)(F)C(F)(F)C(F)(F)C(F)(F)C(F)(F)F,3.681241237
O=C([O-])C(F)(F)C(F)(F)C(F)(F)C(F)(F)C(F)(F)C(F)(F)C(F)(F)F,4.462397998
CCCCCCCCCCCCCCOc1ccc(NC(=O)C[N+](C)(C)CC[N+](C)(C)CC(=O)Nc2ccc(OCCCCCCCCCCCCCC)cc2)cc1,1.318063335
CCCCCCCCCCSCC(O)C(O)C(O)CO,2.602059991
CCCCCCCn1cc[n+](COCCCCCCOC[n+]2ccn(CCCCCCC)c2)c1,3.21
CCCCCCCCn1cc[n+](COCCCCCCOC[n+]2ccn(CCCCCCCC)c2)c1,3.13
CCCCCCCCCCCCOCCOCCOCCOCCOCCO,1.806179974
CCCCCCCCCCCCCC[N+](CCCC)(CCCC)CCCC,3.079181246
CCCCCCCCCCCC[N+](C)(C)C,4.301029996
CCCCCCCCC(O)CO,3.361727836
CCCCCCCCCCCCCOCCOCCOCCOCCOCCOCCOCCOCCO,1.431363764
CCCCCCCCCCCCCCCCN(C)C(=O)[C@H](O)[C@@H](O)[C@H](O)[C@H](O)CO,0.919389194
CCCCCCCCCC[N+](C)(CC(=O)O)Cc1ccccc1,3.7100171
CCCCCCOCC(O)C(O)C(O)CO,3.973127854
CCCCCCCCCCCCOc1ccc(NC(=O)C[N+](C)(C)CCCC[N+](C)(C)CC(=O)Nc2ccc(OCCCCCCCCCCCC)cc2)cc1,1.152288344
CCCCCCCCCCCC[NH2+]CCO,4.653212514
CCCCCCCCCCCCN(C)C(=O)C(O)C(O)C(OC1OC(CO)C(O)C(O)C1O)C(O)CO,2.397940009
CCCCCCCC/C=C\CCCCCCCCN(C)C(=O)[C@H](O)[C@@H](O)[C@H](OC1OC(O)C(O)C(O)C1O)[C@H](O)CO,1.724747247
CCCCCCCCCCCCn1cc[n+](COCCOC[n+]2ccn(CCCCCCCCCCCC)c2)c1,2.85
CCCCCCCCCCCCN(C)C(=O)[C@H](O)[C@@H](O)[C@H](OC1OC(O)C(O)C(O)C1O)[C@H](O)CO,2.407704077
CCCCCCCCCCCCCCOc1ccc[n+](CCCC[n+]2cccc(OCCCCCCCCCCCCCC)c2)c1,1.778
CCCCCCCCCCCCCCCCOCCOCCOCCOCCOCCOCCOCCOCCOCCO,0.322219295
CCCCCCCCCCCCC(C(=O)OCCCC)S(=O)(=O)[O-],3.130333768
CCCCCCCCCCCCC(CSCCCSCC(CCCCCCCCCCCC)[n+]1ccn(C)c1)[n+]1ccn(C)c1,1.929
CCCCCCCCCCCC(=O)N(C)CC(O)C(O)C(OC1OC(CO)C(O)C(O)C1O)C(O)CO,2.653212514
CC(C)(C)CC(C)(C)c1ccc(OCCOCCOCCOCCOCCOCCOCCOCCO)cc1,2.447158031
CCCCCCCCCn1cc[n+](COCCCCCCOC[n+]2ccn(CCCCCCCCC)c2)c1,3.05
CCCCCCCCCn1cc[n+](COCCCCCOC[n+]2ccn(CCCCCCCCC)c2)c1,3.09
CCCCCCCC[N+](C)(C)CC(=O)[O-],5.194431944
CCCCCCOC(=O)CS(=O)(=O)[O-],5.230448921
CCCCCCCCCC[N+](C)(C)C,4.832508913
CCCCCCCCCCN(C)C(=O)[C@H](O)[C@@H](O)[C@H](OC1OC(O)C(O)C(O)C1O)[C@H](O)CO,3.35901359
CCCCCCCCCCCCCCCOCCOCCOCCOCCOCCOCCOCCOCCO,0.544068044
CCCCCC(=O)CC(=O)NC1CCOC1=O,3.336459734
CCCCCCCCCCN(C)C(=O)C(O)C(O)C(O)C(O)CO,3.113943352
CCCCCC(C)(C)c1ccc(OCCOCCOCCO)cc1,2.008850089
CCCCCCCCSC1OC(CO)C(O)C(O)C1O,3.929418926
CCCCCCCCCCCCCCOc1ccc[n+](CCC[n+]2cccc(OCCCCCCCCCCCCCC)c2)c1,1.716
CCCCCCCCC(=O)OCC(O)C(O)C(O)CO,3.643452676
CCCCCCCCCCCCCC[n+]1ccccc1,3.544068044
CCCCCCCCCCCCCCCCOCCOCCOCCOCCOCCOCCOCCO,0.230448921
CCCCCCCCCCCCOCCOCCOCCOCCOCCOCCOCCOCCO,2.037426498
CCCCCCCC(CC)OC1OC(CO)C(O)C(O)C1O,3.929418926
